OntologyID	Description	GeneRatio	pvalue	p.adjust	qvalue
DOID:3459	breast carcinoma	20/147	2.0806524518037e-05	0.0104682347461207	0.00906722287784288
DOID:0060071	pre-malignant neoplasm	5/147	3.98789895090312e-05	0.0104682347461207	0.00906722287784288
DOID:8719	in situ carcinoma	4/147	0.000273098793013066	0.0477922887772865	0.0413960275725068
