OntologyID	Description	GeneRatio	pvalue	p.adjust	qvalue
hsa04110	Cell cycle	11/75	4.95756989094101e-07	5.4037511811257e-05	5.1141247296023e-05
hsa04114	Oocyte meiosis	10/75	1.42213709002709e-06	7.75064714064762e-05	7.33523341171866e-05
hsa03320	PPAR signaling pathway	7/75	2.5691738589025e-05	0.00093346650206791	0.000883435221657703
hsa04914	Progesterone-mediated oocyte maturation	6/75	0.00077480953674091	0.0211135598761898	0.0199819301580551
hsa04115	p53 signaling pathway	5/75	0.00173892058378638	0.0379084687265431	0.0358766773075927
hsa04062	Chemokine signaling pathway	8/75	0.00258527490995121	0.0469658275307803	0.044448586171091
